[{"model": "main.resource", "pk": 20, "fields": {"name": "1.png", "path": "/main/category/1.png", "screen": "main_category", "type": "image", "created_at": "2025-06-30T17:05:07.336", "updated_at": "2025-06-30T17:05:07.336"}}, {"model": "main.resource", "pk": 21, "fields": {"name": "2.png", "path": "/main/category/2.png", "screen": "main_category", "type": "image", "created_at": "2025-06-30T17:05:07.336", "updated_at": "2025-06-30T17:05:07.336"}}, {"model": "main.resource", "pk": 22, "fields": {"name": "3.png", "path": "/main/category/3.png", "screen": "main_category", "type": "image", "created_at": "2025-06-30T17:05:07.336", "updated_at": "2025-06-30T17:05:07.336"}}, {"model": "main.resource", "pk": 23, "fields": {"name": "4.png", "path": "/main/category/4.png", "screen": "main_category", "type": "image", "created_at": "2025-06-30T17:05:07.336", "updated_at": "2025-06-30T17:05:07.336"}}, {"model": "main.resource", "pk": 24, "fields": {"name": "5.png", "path": "/main/category/5.png", "screen": "main_category", "type": "image", "created_at": "2025-06-30T17:05:07.336", "updated_at": "2025-06-30T17:05:07.336"}}, {"model": "main.resource", "pk": 25, "fields": {"name": "6.png", "path": "/main/category/6.png", "screen": "main_category", "type": "image", "created_at": "2025-06-30T17:05:07.336", "updated_at": "2025-06-30T17:05:07.336"}}, {"model": "main.resource", "pk": 26, "fields": {"name": "1.jpg", "path": "/main/grid_panel/1.jpg", "screen": "main_grid_panel", "type": "image", "created_at": "2025-06-30T17:05:07.336", "updated_at": "2025-06-30T17:05:07.336"}}, {"model": "main.resource", "pk": 27, "fields": {"name": "2.jpg", "path": "/main/grid_panel/2.jpg", "screen": "main_grid_panel", "type": "image", "created_at": "2025-06-30T17:05:07.336", "updated_at": "2025-06-30T17:05:07.336"}}, {"model": "main.resource", "pk": 28, "fields": {"name": "3.jpg", "path": "/main/grid_panel/3.jpg", "screen": "main_grid_panel", "type": "image", "created_at": "2025-06-30T17:05:07.336", "updated_at": "2025-06-30T17:05:07.336"}}, {"model": "main.resource", "pk": 29, "fields": {"name": "4.jpg", "path": "/main/grid_panel/4.jpg", "screen": "main_grid_panel", "type": "image", "created_at": "2025-06-30T17:05:07.336", "updated_at": "2025-06-30T17:05:07.336"}}, {"model": "main.resource", "pk": 30, "fields": {"name": "5.jpg", "path": "/main/grid_panel/5.jpg", "screen": "main_grid_panel", "type": "image", "created_at": "2025-06-30T17:05:07.336", "updated_at": "2025-06-30T17:05:07.336"}}, {"model": "main.resource", "pk": 31, "fields": {"name": "6.jpg", "path": "/main/grid_panel/6.jpg", "screen": "main_grid_panel", "type": "image", "created_at": "2025-06-30T17:05:07.336", "updated_at": "2025-06-30T17:05:07.336"}}, {"model": "main.resource", "pk": 32, "fields": {"name": "logo.png", "path": "/main/logo/logo.png", "screen": "main_logo", "type": "image", "created_at": "2025-06-30T17:05:07.336", "updated_at": "2025-06-30T17:05:07.336"}}, {"model": "main.resource", "pk": 33, "fields": {"name": "1.jpg", "path": "/main/panel/1.jpg", "screen": "main_panel", "type": "image", "created_at": "2025-06-30T17:05:07.336", "updated_at": "2025-06-30T17:05:07.336"}}, {"model": "main.resource", "pk": 34, "fields": {"name": "2.jpg", "path": "/main/panel/2.jpg", "screen": "main_panel", "type": "image", "created_at": "2025-06-30T17:05:07.336", "updated_at": "2025-06-30T17:05:07.336"}}, {"model": "main.resource", "pk": 35, "fields": {"name": "3.jpg", "path": "/main/panel/3.jpg", "screen": "main_panel", "type": "image", "created_at": "2025-06-30T17:05:07.336", "updated_at": "2025-06-30T17:05:07.336"}}, {"model": "main.resource", "pk": 36, "fields": {"name": "4.jpg", "path": "/main/panel/4.jpg", "screen": "main_panel", "type": "image", "created_at": "2025-06-30T17:05:07.336", "updated_at": "2025-06-30T17:05:07.336"}}, {"model": "main.resource", "pk": 37, "fields": {"name": "5.jpg", "path": "/main/panel/5.jpg", "screen": "main_panel", "type": "image", "created_at": "2025-06-30T17:05:07.336", "updated_at": "2025-06-30T17:05:07.336"}}, {"model": "main.resource", "pk": 38, "fields": {"name": "6.jpg", "path": "/main/panel/6.jpg", "screen": "main_panel", "type": "image", "created_at": "2025-06-30T17:05:07.336", "updated_at": "2025-06-30T17:05:07.336"}}, {"model": "main.mainmenu", "pk": 1, "fields": {"name": "Electronics", "icon_name": "electronics_icon"}}, {"model": "main.mainmenu", "pk": 2, "fields": {"name": "Clothing", "icon_name": "clothing_icon"}}, {"model": "main.mainmenu", "pk": 3, "fields": {"name": "Home Appliances", "icon_name": "home_appliances_icon"}}, {"model": "main.mainmenu", "pk": 4, "fields": {"name": "Books", "icon_name": "books_icon"}}, {"model": "main.mainmenu", "pk": 5, "fields": {"name": "Toys", "icon_name": "toys_icon"}}, {"model": "main.mainmenu", "pk": 6, "fields": {"name": "Sports", "icon_name": "sports_icon"}}, {"model": "main.mainmenu", "pk": 7, "fields": {"name": "Beauty", "icon_name": "beauty_icon"}}, {"model": "main.mainmenu", "pk": 8, "fields": {"name": "Automotive", "icon_name": "automotive_icon"}}, {"model": "main.mainmenu", "pk": 9, "fields": {"name": "Health", "icon_name": "health_icon"}}, {"model": "main.mainmenusub", "pk": 1, "fields": {"menu": 1, "seq": 1, "name": "Mobile Phones"}}, {"model": "main.mainmenusub", "pk": 2, "fields": {"menu": 1, "seq": 2, "name": "Laptops"}}, {"model": "main.mainmenusub", "pk": 3, "fields": {"menu": 1, "seq": 3, "name": "Cameras"}}, {"model": "main.mainmenusub", "pk": 4, "fields": {"menu": 2, "seq": 1, "name": "Men's Wear"}}, {"model": "main.mainmenusub", "pk": 5, "fields": {"menu": 2, "seq": 2, "name": "Women's Wear"}}, {"model": "main.mainmenusub", "pk": 6, "fields": {"menu": 2, "seq": 3, "name": "Accessories"}}, {"model": "main.mainmenusub", "pk": 7, "fields": {"menu": 3, "seq": 1, "name": "Refrigerators"}}, {"model": "main.mainmenusub", "pk": 8, "fields": {"menu": 3, "seq": 2, "name": "Washing Machines"}}, {"model": "main.mainmenusub", "pk": 9, "fields": {"menu": 3, "seq": 3, "name": "Air Conditioners"}}, {"model": "main.mainmenusub", "pk": 10, "fields": {"menu": 4, "seq": 1, "name": "Novels"}}, {"model": "main.mainmenusub", "pk": 11, "fields": {"menu": 4, "seq": 2, "name": "Science Fiction"}}, {"model": "main.mainmenusub", "pk": 12, "fields": {"menu": 4, "seq": 3, "name": "Self-Help"}}, {"model": "main.mainmenusub", "pk": 13, "fields": {"menu": 5, "seq": 1, "name": "Action Figures"}}, {"model": "main.mainmenusub", "pk": 14, "fields": {"menu": 5, "seq": 2, "name": "Puzzles"}}, {"model": "main.mainmenusub", "pk": 15, "fields": {"menu": 5, "seq": 3, "name": "Building Blocks"}}, {"model": "main.mainmenusub", "pk": 16, "fields": {"menu": 6, "seq": 1, "name": "Football"}}, {"model": "main.mainmenusub", "pk": 17, "fields": {"menu": 6, "seq": 2, "name": "Basketball"}}, {"model": "main.mainmenusub", "pk": 18, "fields": {"menu": 6, "seq": 3, "name": "Tennis"}}, {"model": "main.mainmenusub", "pk": 19, "fields": {"menu": 7, "seq": 1, "name": "Makeup"}}, {"model": "main.mainmenusub", "pk": 20, "fields": {"menu": 7, "seq": 2, "name": "Skin Care"}}, {"model": "main.mainmenusub", "pk": 21, "fields": {"menu": 7, "seq": 3, "name": "Fragrances"}}, {"model": "main.mainmenusub", "pk": 22, "fields": {"menu": 8, "seq": 1, "name": "Car Accessories"}}, {"model": "main.mainmenusub", "pk": 23, "fields": {"menu": 8, "seq": 2, "name": "Motorbikes"}}, {"model": "main.mainmenusub", "pk": 24, "fields": {"menu": 8, "seq": 3, "name": "Car Tires"}}, {"model": "main.mainmenusub", "pk": 25, "fields": {"menu": 9, "seq": 1, "name": "Vitamins"}}, {"model": "main.mainmenusub", "pk": 26, "fields": {"menu": 9, "seq": 2, "name": "Fitness"}}, {"model": "main.mainmenusub", "pk": 27, "fields": {"menu": 9, "seq": 3, "name": "Nutrition"}}, {"model": "main.mainmenuleaf", "pk": 1, "fields": {"sub": 1, "seq": 1, "name": "Smartphones"}}, {"model": "main.mainmenuleaf", "pk": 2, "fields": {"sub": 1, "seq": 2, "name": "Tablets"}}, {"model": "main.mainmenuleaf", "pk": 3, "fields": {"sub": 1, "seq": 3, "name": "Smartwatches"}}, {"model": "main.mainmenuleaf", "pk": 4, "fields": {"sub": 2, "seq": 1, "name": "Gaming Laptops"}}, {"model": "main.mainmenuleaf", "pk": 5, "fields": {"sub": 2, "seq": 2, "name": "Business Laptops"}}, {"model": "main.mainmenuleaf", "pk": 6, "fields": {"sub": 2, "seq": 3, "name": "2-in-1 Laptops"}}, {"model": "main.mainmenuleaf", "pk": 7, "fields": {"sub": 3, "seq": 1, "name": "DSLR Cameras"}}, {"model": "main.mainmenuleaf", "pk": 8, "fields": {"sub": 3, "seq": 2, "name": "Mirrorless Cameras"}}, {"model": "main.mainmenuleaf", "pk": 9, "fields": {"sub": 3, "seq": 3, "name": "Action Cameras"}}, {"model": "main.mainmenuleaf", "pk": 10, "fields": {"sub": 4, "seq": 1, "name": "Casual Shirts"}}, {"model": "main.mainmenuleaf", "pk": 11, "fields": {"sub": 4, "seq": 2, "name": "Formal Shirts"}}, {"model": "main.mainmenuleaf", "pk": 12, "fields": {"sub": 4, "seq": 3, "name": "T-Shirts"}}, {"model": "main.mainmenuleaf", "pk": 13, "fields": {"sub": 5, "seq": 1, "name": "Dresses"}}, {"model": "main.mainmenuleaf", "pk": 14, "fields": {"sub": 5, "seq": 2, "name": "Skirts"}}, {"model": "main.mainmenuleaf", "pk": 15, "fields": {"sub": 5, "seq": 3, "name": "Tops"}}, {"model": "main.mainmenuleaf", "pk": 16, "fields": {"sub": 6, "seq": 1, "name": "Wallets"}}, {"model": "main.mainmenuleaf", "pk": 17, "fields": {"sub": 6, "seq": 2, "name": "Belts"}}, {"model": "main.mainmenuleaf", "pk": 18, "fields": {"sub": 6, "seq": 3, "name": "Bags"}}, {"model": "main.mainmenuleaf", "pk": 19, "fields": {"sub": 7, "seq": 1, "name": "French Door Fridges"}}, {"model": "main.mainmenuleaf", "pk": 20, "fields": {"sub": 7, "seq": 2, "name": "Top Freezer Fridges"}}, {"model": "main.mainmenuleaf", "pk": 21, "fields": {"sub": 7, "seq": 3, "name": "Side-by-Side Fridges"}}, {"model": "main.mainmenuleaf", "pk": 22, "fields": {"sub": 8, "seq": 1, "name": "Front Load Washers"}}, {"model": "main.mainmenuleaf", "pk": 23, "fields": {"sub": 8, "seq": 2, "name": "Top Load Washers"}}, {"model": "main.mainmenuleaf", "pk": 24, "fields": {"sub": 8, "seq": 3, "name": "Portable Washers"}}, {"model": "main.mainmenuleaf", "pk": 25, "fields": {"sub": 9, "seq": 1, "name": "Split ACs"}}, {"model": "main.mainmenuleaf", "pk": 26, "fields": {"sub": 9, "seq": 2, "name": "Window ACs"}}, {"model": "main.mainmenuleaf", "pk": 27, "fields": {"sub": 9, "seq": 3, "name": "Portable ACs"}}, {"model": "main.mainmenuleaf", "pk": 28, "fields": {"sub": 10, "seq": 1, "name": "Fictional"}}, {"model": "main.mainmenuleaf", "pk": 29, "fields": {"sub": 10, "seq": 2, "name": "Classics"}}, {"model": "main.mainmenuleaf", "pk": 30, "fields": {"sub": 10, "seq": 3, "name": "Modern"}}, {"model": "main.mainmenuleaf", "pk": 31, "fields": {"sub": 11, "seq": 1, "name": "Space Opera"}}, {"model": "main.mainmenuleaf", "pk": 32, "fields": {"sub": 11, "seq": 2, "name": "Dystopian"}}, {"model": "main.mainmenuleaf", "pk": 33, "fields": {"sub": 11, "seq": 3, "name": "Time Travel"}}, {"model": "main.mainmenuleaf", "pk": 34, "fields": {"sub": 12, "seq": 1, "name": "Motivational"}}, {"model": "main.mainmenuleaf", "pk": 35, "fields": {"sub": 12, "seq": 2, "name": "Financial"}}, {"model": "main.mainmenuleaf", "pk": 36, "fields": {"sub": 12, "seq": 3, "name": "Health"}}, {"model": "main.mainmenuleaf", "pk": 37, "fields": {"sub": 13, "seq": 1, "name": "Superheroes"}}, {"model": "main.mainmenuleaf", "pk": 38, "fields": {"sub": 13, "seq": 2, "name": "Star Wars"}}, {"model": "main.mainmenuleaf", "pk": 39, "fields": {"sub": 13, "seq": 3, "name": "Marvel"}}, {"model": "main.mainmenuleaf", "pk": 40, "fields": {"sub": 14, "seq": 1, "name": "Puzzle Boxes"}}, {"model": "main.mainmenuleaf", "pk": 41, "fields": {"sub": 14, "seq": 2, "name": "3D Puzzles"}}, {"model": "main.mainmenuleaf", "pk": 42, "fields": {"sub": 14, "seq": 3, "name": "Jigsaw Puzzles"}}, {"model": "main.mainmenuleaf", "pk": 43, "fields": {"sub": 15, "seq": 1, "name": "LEGO Sets"}}, {"model": "main.mainmenuleaf", "pk": 44, "fields": {"sub": 15, "seq": 2, "name": "Knex Sets"}}, {"model": "main.mainmenuleaf", "pk": 45, "fields": {"sub": 15, "seq": 3, "name": "Mega Bloks"}}, {"model": "main.mainmenuleaf", "pk": 46, "fields": {"sub": 16, "seq": 1, "name": "Footballs"}}, {"model": "main.mainmenuleaf", "pk": 47, "fields": {"sub": 16, "seq": 2, "name": "Soccer Shoes"}}, {"model": "main.mainmenuleaf", "pk": 48, "fields": {"sub": 16, "seq": 3, "name": "Goalkeeping Gear"}}, {"model": "main.mainmenuleaf", "pk": 49, "fields": {"sub": 17, "seq": 1, "name": "Basketballs"}}, {"model": "main.mainmenuleaf", "pk": 50, "fields": {"sub": 17, "seq": 2, "name": "Hoops"}}, {"model": "main.mainmenuleaf", "pk": 51, "fields": {"sub": 17, "seq": 3, "name": "Sportswear"}}, {"model": "main.mainmenuleaf", "pk": 52, "fields": {"sub": 18, "seq": 1, "name": "Tennis Rackets"}}, {"model": "main.mainmenuleaf", "pk": 53, "fields": {"sub": 18, "seq": 2, "name": "Tennis Balls"}}, {"model": "main.mainmenuleaf", "pk": 54, "fields": {"sub": 18, "seq": 3, "name": "Tennis Shoes"}}, {"model": "main.mainmenuleaf", "pk": 55, "fields": {"sub": 19, "seq": 1, "name": "Lipsticks"}}, {"model": "main.mainmenuleaf", "pk": 56, "fields": {"sub": 19, "seq": 2, "name": "Foundations"}}, {"model": "main.mainmenuleaf", "pk": 57, "fields": {"sub": 19, "seq": 3, "name": "Blushes"}}, {"model": "main.mainmenuleaf", "pk": 58, "fields": {"sub": 20, "seq": 1, "name": "Cleansers"}}, {"model": "main.mainmenuleaf", "pk": 59, "fields": {"sub": 20, "seq": 2, "name": "Moisturizers"}}, {"model": "main.mainmenuleaf", "pk": 60, "fields": {"sub": 20, "seq": 3, "name": "Sunscreens"}}, {"model": "main.mainmenuleaf", "pk": 61, "fields": {"sub": 21, "seq": 1, "name": "Men's Cologne"}}, {"model": "main.mainmenuleaf", "pk": 62, "fields": {"sub": 21, "seq": 2, "name": "Women's Perfume"}}, {"model": "main.mainmenuleaf", "pk": 63, "fields": {"sub": 21, "seq": 3, "name": "Body Sprays"}}, {"model": "main.mainmenuleaf", "pk": 64, "fields": {"sub": 22, "seq": 1, "name": "Seat Covers"}}, {"model": "main.mainmenuleaf", "pk": 65, "fields": {"sub": 22, "seq": 2, "name": "Floor Mats"}}, {"model": "main.mainmenuleaf", "pk": 66, "fields": {"sub": 22, "seq": 3, "name": "Steering Wheel Covers"}}, {"model": "main.mainmenuleaf", "pk": 67, "fields": {"sub": 23, "seq": 1, "name": "Helmets"}}, {"model": "main.mainmenuleaf", "pk": 68, "fields": {"sub": 23, "seq": 2, "name": "Jackets"}}, {"model": "main.mainmenuleaf", "pk": 69, "fields": {"sub": 23, "seq": 3, "name": "Gloves"}}, {"model": "main.mainmenuleaf", "pk": 70, "fields": {"sub": 24, "seq": 1, "name": "Radial Tires"}}, {"model": "main.mainmenuleaf", "pk": 71, "fields": {"sub": 24, "seq": 2, "name": "Tubeless Tires"}}, {"model": "main.mainmenuleaf", "pk": 72, "fields": {"sub": 24, "seq": 3, "name": "All-Season Tires"}}, {"model": "main.mainmenuleaf", "pk": 82, "fields": {"sub": 25, "seq": 1, "name": "Vitamin A"}}, {"model": "main.mainmenuleaf", "pk": 83, "fields": {"sub": 25, "seq": 2, "name": "Vitamin C"}}, {"model": "main.mainmenuleaf", "pk": 84, "fields": {"sub": 25, "seq": 3, "name": "Vitamin D"}}, {"model": "main.mainmenuleaf", "pk": 85, "fields": {"sub": 26, "seq": 1, "name": "Cardio"}}, {"model": "main.mainmenuleaf", "pk": 86, "fields": {"sub": 26, "seq": 2, "name": "Strength Training"}}, {"model": "main.mainmenuleaf", "pk": 87, "fields": {"sub": 26, "seq": 3, "name": "Yoga"}}, {"model": "main.mainmenuleaf", "pk": 88, "fields": {"sub": 27, "seq": 1, "name": "Protein"}}, {"model": "main.mainmenuleaf", "pk": 89, "fields": {"sub": 27, "seq": 2, "name": "Carbohydrates"}}, {"model": "main.mainmenuleaf", "pk": 90, "fields": {"sub": 27, "seq": 3, "name": "Fats"}}, {"model": "product.product", "pk": 10, "fields": {"name": "iPhone 13", "description": "Latest iPhone with A15 Bionic chip", "main_menu": 1, "main_menu_sub": 1, "main_menu_leaf": 1, "price": "999.99", "stock": 50, "image_url": "https://example.com/iphone13.jpg", "created_at": "2025-06-30T09:06:26.683Z", "updated_at": "2025-06-30T09:06:26.683Z", "status": "In Stock", "rating": "4.50"}}, {"model": "product.product", "pk": 11, "fields": {"name": "Samsung Galaxy S21", "description": "Flagship smartphone with amazing camera", "main_menu": 1, "main_menu_sub": 1, "main_menu_leaf": 2, "price": "799.99", "stock": 30, "image_url": "https://example.com/galaxy_s21.jpg", "created_at": "2025-06-30T09:06:26.683Z", "updated_at": "2025-06-30T09:06:26.683Z", "status": "In Stock", "rating": "4.70"}}, {"model": "product.product", "pk": 12, "fields": {"name": "MacBook Air", "description": "Lightweight laptop with Apple M1 chip", "main_menu": 1, "main_menu_sub": 2, "main_menu_leaf": 3, "price": "1099.99", "stock": 20, "image_url": "https://example.com/macbook_air.jpg", "created_at": "2025-06-30T09:06:26.683Z", "updated_at": "2025-06-30T09:06:26.683Z", "status": "Out of Stock", "rating": "4.60"}}, {"model": "product.product", "pk": 13, "fields": {"name": "Dell XPS 13", "description": "Premium ultrabook with Intel Core i7", "main_menu": 1, "main_menu_sub": 2, "main_menu_leaf": 4, "price": "1200.00", "stock": 10, "image_url": "https://example.com/dell_xps13.jpg", "created_at": "2025-06-30T09:06:26.683Z", "updated_at": "2025-06-30T09:06:26.683Z", "status": "In Stock", "rating": "4.30"}}, {"model": "product.product", "pk": 14, "fields": {"name": "Sony WH-1000XM4", "description": "Wireless noise-canceling headphones", "main_menu": 1, "main_menu_sub": 3, "main_menu_leaf": 5, "price": "349.99", "stock": 15, "image_url": "https://example.com/sony_headphones.jpg", "created_at": "2025-06-30T09:06:26.683Z", "updated_at": "2025-06-30T09:06:26.683Z", "status": "In Stock", "rating": "4.80"}}, {"model": "product.product", "pk": 15, "fields": {"name": "Nike Air Max 270", "description": "Stylish and comfortable sneakers", "main_menu": 2, "main_menu_sub": 1, "main_menu_leaf": 6, "price": "149.99", "stock": 25, "image_url": "https://example.com/nike_air_max_270.jpg", "created_at": "2025-06-30T09:06:26.683Z", "updated_at": "2025-06-30T09:06:26.683Z", "status": "In Stock", "rating": "4.20"}}, {"model": "product.product", "pk": 16, "fields": {"name": "Adidas Ultraboost", "description": "Comfortable running shoes", "main_menu": 2, "main_menu_sub": 1, "main_menu_leaf": 7, "price": "180.00", "stock": 18, "image_url": "https://example.com/adidas_ultraboost.jpg", "created_at": "2025-06-30T09:06:26.683Z", "updated_at": "2025-06-30T09:06:26.683Z", "status": "In Stock", "rating": "4.40"}}, {"model": "product.product", "pk": 17, "fields": {"name": "Levi's 501 Original Fit", "description": "Classic denim jeans", "main_menu": 2, "main_menu_sub": 2, "main_menu_leaf": 8, "price": "59.99", "stock": 50, "image_url": "https://example.com/levis_501.jpg", "created_at": "2025-06-30T09:06:26.683Z", "updated_at": "2025-06-30T09:06:26.683Z", "status": "In Stock", "rating": "4.50"}}, {"model": "product.product", "pk": 18, "fields": {"name": "Samsung QLED TV", "description": "Ultra HD 4K QLED TV", "main_menu": 3, "main_menu_sub": 1, "main_menu_leaf": 9, "price": "1299.99", "stock": 5, "image_url": "https://example.com/samsung_qled_tv.jpg", "created_at": "2025-06-30T09:06:26.683Z", "updated_at": "2025-06-30T09:06:26.683Z", "status": "Out of Stock", "rating": "4.60"}}, {"model": "product.product", "pk": 19, "fields": {"name": "LG OLED TV", "description": "OLED technology for perfect blacks", "main_menu": 3, "main_menu_sub": 1, "main_menu_leaf": 10, "price": "1999.99", "stock": 8, "image_url": "https://example.com/lg_oled_tv.jpg", "created_at": "2025-06-30T09:06:26.683Z", "updated_at": "2025-06-30T09:06:26.683Z", "status": "In Stock", "rating": "4.90"}}, {"model": "product.product", "pk": 20, "fields": {"name": "Bose SoundLink Revolve", "description": "Portable Bluetooth speaker with 360¡Æ sound", "main_menu": 3, "main_menu_sub": 2, "main_menu_leaf": 11, "price": "199.99", "stock": 12, "image_url": "https://example.com/bose_speaker.jpg", "created_at": "2025-06-30T09:06:26.683Z", "updated_at": "2025-06-30T09:06:26.683Z", "status": "In Stock", "rating": "4.70"}}, {"model": "product.product", "pk": 21, "fields": {"name": "iPad Air", "description": "Tablet with Retina display and A14 Bionic chip", "main_menu": 1, "main_menu_sub": 3, "main_menu_leaf": 12, "price": "599.99", "stock": 45, "image_url": "https://example.com/ipad_air.jpg", "created_at": "2025-06-30T09:06:26.683Z", "updated_at": "2025-06-30T09:06:26.683Z", "status": "In Stock", "rating": "4.40"}}, {"model": "product.product", "pk": 22, "fields": {"name": "Sony PlayStation 5", "description": "Next-gen gaming console", "main_menu": 3, "main_menu_sub": 3, "main_menu_leaf": 13, "price": "499.99", "stock": 2, "image_url": "https://example.com/ps5.jpg", "created_at": "2025-06-30T09:06:26.683Z", "updated_at": "2025-06-30T09:06:26.683Z", "status": "Out of Stock", "rating": "4.80"}}, {"model": "product.product", "pk": 23, "fields": {"name": "Microsoft Surface Pro 7", "description": "2-in-1 tablet with detachable keyboard", "main_menu": 1, "main_menu_sub": 4, "main_menu_leaf": 14, "price": "749.99", "stock": 22, "image_url": "https://example.com/surface_pro7.jpg", "created_at": "2025-06-30T09:06:26.683Z", "updated_at": "2025-06-30T09:06:26.683Z", "status": "In Stock", "rating": "4.30"}}, {"model": "product.product", "pk": 24, "fields": {"name": "Apple Watch Series 6", "description": "Smartwatch with blood oxygen sensor", "main_menu": 1, "main_menu_sub": 5, "main_menu_leaf": 15, "price": "399.99", "stock": 40, "image_url": "https://example.com/apple_watch_series6.jpg", "created_at": "2025-06-30T09:06:26.683Z", "updated_at": "2025-06-30T09:06:26.683Z", "status": "In Stock", "rating": "4.60"}}, {"model": "token_blacklist.outstandingtoken", "pk": 1, "fields": {"user": 1, "jti": "7b2dfd1a2e7b42959c67586d0c97df8e", "token": "eyJhbGciOiJIUzI1NiIsInR5cCI6IkpXVCJ9.eyJ0b2tlbl90eXBlIjoicmVmcmVzaCIsImV4cCI6MTc1MTg3NTcxNiwiaWF0IjoxNzUxMjcwOTE2LCJqdGkiOiI3YjJkZmQxYTJlN2I0Mjk1OWM2NzU4NmQwYzk3ZGY4ZSIsInVzZXJfaWQiOjF9.sbNQ8l_MRRkHrB3p2BM8U2m9zaZUp6EfMSZteYqwLo4", "created_at": "2025-06-30T08:08:36.247Z", "expires_at": "2025-07-07T08:08:36Z"}}, {"model": "token_blacklist.outstandingtoken", "pk": 2, "fields": {"user": 1, "jti": "b46a4167feb347e491e60f7a49d18f90", "token": "eyJhbGciOiJIUzI1NiIsInR5cCI6IkpXVCJ9.eyJ0b2tlbl90eXBlIjoicmVmcmVzaCIsImV4cCI6MTc1MTg3Nzg5MiwiaWF0IjoxNzUxMjczMDkyLCJqdGkiOiJiNDZhNDE2N2ZlYjM0N2U0OTFlNjBmN2E0OWQxOGY5MCIsInVzZXJfaWQiOjF9.Z6fkuTd-W9XrcBQpGxrQogWr2kiEhRACoiQ2HNz5Yfc", "created_at": "2025-06-30T08:44:52.033Z", "expires_at": "2025-07-07T08:44:52Z"}}, {"model": "token_blacklist.outstandingtoken", "pk": 3, "fields": {"user": 1, "jti": "7c1a99342c5e48de90981cc29d2f06a7", "token": "eyJhbGciOiJIUzI1NiIsInR5cCI6IkpXVCJ9.eyJ0b2tlbl90eXBlIjoicmVmcmVzaCIsImV4cCI6MTc1MTg3ODE2MiwiaWF0IjoxNzUxMjczMzYyLCJqdGkiOiI3YzFhOTkzNDJjNWU0OGRlOTA5ODFjYzI5ZDJmMDZhNyIsInVzZXJfaWQiOjF9.EWsPV-MXxRkggxdsK0zlwqaBTRHbNkqR7h1SLfOOV3U", "created_at": "2025-06-30T08:49:22.025Z", "expires_at": "2025-07-07T08:49:22Z"}}, {"model": "token_blacklist.blacklistedtoken", "pk": 1, "fields": {"token": 2, "blacklisted_at": "2025-06-30T08:48:19.154Z"}}, {"model": "auth.permission", "pk": 1, "fields": {"name": "Can add resource", "content_type": 1, "codename": "add_resource"}}, {"model": "auth.permission", "pk": 2, "fields": {"name": "Can change resource", "content_type": 1, "codename": "change_resource"}}, {"model": "auth.permission", "pk": 3, "fields": {"name": "Can delete resource", "content_type": 1, "codename": "delete_resource"}}, {"model": "auth.permission", "pk": 4, "fields": {"name": "Can view resource", "content_type": 1, "codename": "view_resource"}}, {"model": "auth.permission", "pk": 5, "fields": {"name": "Can add main menu", "content_type": 2, "codename": "add_mainmenu"}}, {"model": "auth.permission", "pk": 6, "fields": {"name": "Can change main menu", "content_type": 2, "codename": "change_mainmenu"}}, {"model": "auth.permission", "pk": 7, "fields": {"name": "Can delete main menu", "content_type": 2, "codename": "delete_mainmenu"}}, {"model": "auth.permission", "pk": 8, "fields": {"name": "Can view main menu", "content_type": 2, "codename": "view_mainmenu"}}, {"model": "auth.permission", "pk": 9, "fields": {"name": "Can add main menu sub", "content_type": 3, "codename": "add_mainmenusub"}}, {"model": "auth.permission", "pk": 10, "fields": {"name": "Can change main menu sub", "content_type": 3, "codename": "change_mainmenusub"}}, {"model": "auth.permission", "pk": 11, "fields": {"name": "Can delete main menu sub", "content_type": 3, "codename": "delete_mainmenusub"}}, {"model": "auth.permission", "pk": 12, "fields": {"name": "Can view main menu sub", "content_type": 3, "codename": "view_mainmenusub"}}, {"model": "auth.permission", "pk": 13, "fields": {"name": "Can add main menu leaf", "content_type": 4, "codename": "add_mainmenuleaf"}}, {"model": "auth.permission", "pk": 14, "fields": {"name": "Can change main menu leaf", "content_type": 4, "codename": "change_mainmenuleaf"}}, {"model": "auth.permission", "pk": 15, "fields": {"name": "Can delete main menu leaf", "content_type": 4, "codename": "delete_mainmenuleaf"}}, {"model": "auth.permission", "pk": 16, "fields": {"name": "Can view main menu leaf", "content_type": 4, "codename": "view_mainmenuleaf"}}, {"model": "auth.permission", "pk": 17, "fields": {"name": "Can add product", "content_type": 5, "codename": "add_product"}}, {"model": "auth.permission", "pk": 18, "fields": {"name": "Can change product", "content_type": 5, "codename": "change_product"}}, {"model": "auth.permission", "pk": 19, "fields": {"name": "Can delete product", "content_type": 5, "codename": "delete_product"}}, {"model": "auth.permission", "pk": 20, "fields": {"name": "Can view product", "content_type": 5, "codename": "view_product"}}, {"model": "auth.permission", "pk": 21, "fields": {"name": "Can add outstanding token", "content_type": 6, "codename": "add_outstandingtoken"}}, {"model": "auth.permission", "pk": 22, "fields": {"name": "Can change outstanding token", "content_type": 6, "codename": "change_outstandingtoken"}}, {"model": "auth.permission", "pk": 23, "fields": {"name": "Can delete outstanding token", "content_type": 6, "codename": "delete_outstandingtoken"}}, {"model": "auth.permission", "pk": 24, "fields": {"name": "Can view outstanding token", "content_type": 6, "codename": "view_outstandingtoken"}}, {"model": "auth.permission", "pk": 25, "fields": {"name": "Can add blacklisted token", "content_type": 7, "codename": "add_blacklistedtoken"}}, {"model": "auth.permission", "pk": 26, "fields": {"name": "Can change blacklisted token", "content_type": 7, "codename": "change_blacklistedtoken"}}, {"model": "auth.permission", "pk": 27, "fields": {"name": "Can delete blacklisted token", "content_type": 7, "codename": "delete_blacklistedtoken"}}, {"model": "auth.permission", "pk": 28, "fields": {"name": "Can view blacklisted token", "content_type": 7, "codename": "view_blacklistedtoken"}}, {"model": "auth.permission", "pk": 29, "fields": {"name": "Can add log entry", "content_type": 8, "codename": "add_logentry"}}, {"model": "auth.permission", "pk": 30, "fields": {"name": "Can change log entry", "content_type": 8, "codename": "change_logentry"}}, {"model": "auth.permission", "pk": 31, "fields": {"name": "Can delete log entry", "content_type": 8, "codename": "delete_logentry"}}, {"model": "auth.permission", "pk": 32, "fields": {"name": "Can view log entry", "content_type": 8, "codename": "view_logentry"}}, {"model": "auth.permission", "pk": 33, "fields": {"name": "Can add permission", "content_type": 9, "codename": "add_permission"}}, {"model": "auth.permission", "pk": 34, "fields": {"name": "Can change permission", "content_type": 9, "codename": "change_permission"}}, {"model": "auth.permission", "pk": 35, "fields": {"name": "Can delete permission", "content_type": 9, "codename": "delete_permission"}}, {"model": "auth.permission", "pk": 36, "fields": {"name": "Can view permission", "content_type": 9, "codename": "view_permission"}}, {"model": "auth.permission", "pk": 37, "fields": {"name": "Can add group", "content_type": 10, "codename": "add_group"}}, {"model": "auth.permission", "pk": 38, "fields": {"name": "Can change group", "content_type": 10, "codename": "change_group"}}, {"model": "auth.permission", "pk": 39, "fields": {"name": "Can delete group", "content_type": 10, "codename": "delete_group"}}, {"model": "auth.permission", "pk": 40, "fields": {"name": "Can view group", "content_type": 10, "codename": "view_group"}}, {"model": "auth.permission", "pk": 41, "fields": {"name": "Can add user", "content_type": 11, "codename": "add_user"}}, {"model": "auth.permission", "pk": 42, "fields": {"name": "Can change user", "content_type": 11, "codename": "change_user"}}, {"model": "auth.permission", "pk": 43, "fields": {"name": "Can delete user", "content_type": 11, "codename": "delete_user"}}, {"model": "auth.permission", "pk": 44, "fields": {"name": "Can view user", "content_type": 11, "codename": "view_user"}}, {"model": "auth.permission", "pk": 45, "fields": {"name": "Can add content type", "content_type": 12, "codename": "add_contenttype"}}, {"model": "auth.permission", "pk": 46, "fields": {"name": "Can change content type", "content_type": 12, "codename": "change_contenttype"}}, {"model": "auth.permission", "pk": 47, "fields": {"name": "Can delete content type", "content_type": 12, "codename": "delete_contenttype"}}, {"model": "auth.permission", "pk": 48, "fields": {"name": "Can view content type", "content_type": 12, "codename": "view_contenttype"}}, {"model": "auth.permission", "pk": 49, "fields": {"name": "Can add session", "content_type": 13, "codename": "add_session"}}, {"model": "auth.permission", "pk": 50, "fields": {"name": "Can change session", "content_type": 13, "codename": "change_session"}}, {"model": "auth.permission", "pk": 51, "fields": {"name": "Can delete session", "content_type": 13, "codename": "delete_session"}}, {"model": "auth.permission", "pk": 52, "fields": {"name": "Can view session", "content_type": 13, "codename": "view_session"}}, {"model": "auth.user", "pk": 1, "fields": {"password": "pbkdf2_sha256$1000000$dy3NC4BPxeWJnOj6ULjWY4$SL7/HyUbxOBq5u7CsdmxYf94flzPHooIFQkFzQQZq88=", "last_login": "2025-06-30T08:49:22.043Z", "is_superuser": false, "username": "1", "first_name": "", "last_name": "", "email": "1@1.com", "is_staff": false, "is_active": true, "date_joined": "2025-06-30T08:08:31.318Z", "groups": [], "user_permissions": []}}, {"model": "contenttypes.contenttype", "pk": 1, "fields": {"app_label": "main", "model": "resource"}}, {"model": "contenttypes.contenttype", "pk": 2, "fields": {"app_label": "main", "model": "mainmenu"}}, {"model": "contenttypes.contenttype", "pk": 3, "fields": {"app_label": "main", "model": "mainmenusub"}}, {"model": "contenttypes.contenttype", "pk": 4, "fields": {"app_label": "main", "model": "mainmenuleaf"}}, {"model": "contenttypes.contenttype", "pk": 5, "fields": {"app_label": "product", "model": "product"}}, {"model": "contenttypes.contenttype", "pk": 6, "fields": {"app_label": "token_blacklist", "model": "outstandingtoken"}}, {"model": "contenttypes.contenttype", "pk": 7, "fields": {"app_label": "token_blacklist", "model": "blacklistedtoken"}}, {"model": "contenttypes.contenttype", "pk": 8, "fields": {"app_label": "admin", "model": "logentry"}}, {"model": "contenttypes.contenttype", "pk": 9, "fields": {"app_label": "auth", "model": "permission"}}, {"model": "contenttypes.contenttype", "pk": 10, "fields": {"app_label": "auth", "model": "group"}}, {"model": "contenttypes.contenttype", "pk": 11, "fields": {"app_label": "auth", "model": "user"}}, {"model": "contenttypes.contenttype", "pk": 12, "fields": {"app_label": "contenttypes", "model": "contenttype"}}, {"model": "contenttypes.contenttype", "pk": 13, "fields": {"app_label": "sessions", "model": "session"}}]