[{"model": "products.productcategory", "pk": 1, "fields": {"name": "음료", "parent": null, "depth": 1, "sort_order": 1, "is_active": true}}, {"model": "products.productcategory", "pk": 2, "fields": {"name": "탄산음료", "parent": 1, "depth": 2, "sort_order": 1, "is_active": true}}, {"model": "products.productcategory", "pk": 3, "fields": {"name": "주스", "parent": 1, "depth": 2, "sort_order": 2, "is_active": true}}, {"model": "products.productcategory", "pk": 4, "fields": {"name": "과일주스", "parent": 3, "depth": 3, "sort_order": 1, "is_active": true}}, {"model": "products.productcategory", "pk": 5, "fields": {"name": "야채주스", "parent": 3, "depth": 3, "sort_order": 2, "is_active": true}}, {"model": "products.productcategory", "pk": 6, "fields": {"name": "생수", "parent": 1, "depth": 2, "sort_order": 3, "is_active": true}}, {"model": "products.productcategory", "pk": 7, "fields": {"name": "에너지드링크", "parent": 1, "depth": 2, "sort_order": 4, "is_active": true}}, {"model": "products.productcategory", "pk": 8, "fields": {"name": "기능성음료", "parent": 1, "depth": 2, "sort_order": 5, "is_active": true}}, {"model": "products.productcategory", "pk": 9, "fields": {"name": "스포츠음료", "parent": 8, "depth": 3, "sort_order": 1, "is_active": true}}, {"model": "products.productcategory", "pk": 10, "fields": {"name": "건강음료", "parent": 8, "depth": 3, "sort_order": 2, "is_active": true}}, {"model": "products.product", "pk": 1, "fields": {"category": 2, "name": "코카콜라 500ml", "description": "탄산음료 코카콜라 500ml", "price": "1500.00", "discount_price": "1300.00", "image_thumb": "http://example.com/coke500.jpg", "stock": 100, "volume": "500ml", "created_at": "2025-07-01T05:50:12.693Z", "updated_at": "2025-07-01T05:50:12.693Z", "is_active": true, "filter_values": [1, 3, 6]}}, {"model": "products.product", "pk": 2, "fields": {"category": 2, "name": "펩시 500ml", "description": "탄산음료 펩시 500ml", "price": "1400.00", "discount_price": null, "image_thumb": "http://example.com/pepsi500.jpg", "stock": 50, "volume": "500ml", "created_at": "2025-07-01T05:50:12.693Z", "updated_at": "2025-07-01T05:50:12.693Z", "is_active": true, "filter_values": [2, 4]}}, {"model": "products.product", "pk": 3, "fields": {"category": 3, "name": "델몬트 오렌지주스", "description": "델몬트 오렌지 1L", "price": "2500.00", "discount_price": "2200.00", "image_thumb": "http://example.com/delmonte_orange.jpg", "stock": 80, "volume": "1L", "created_at": "2025-07-01T05:50:12.693Z", "updated_at": "2025-07-01T05:50:12.693Z", "is_active": true, "filter_values": [1, 5]}}, {"model": "products.product", "pk": 4, "fields": {"category": 4, "name": "과일 믹스 주스", "description": "사과, 배, 복숭아 혼합 주스 1L", "price": "2800.00", "discount_price": null, "image_thumb": "http://example.com/mix_juice.jpg", "stock": 40, "volume": "1L", "created_at": "2025-07-01T05:50:12.693Z", "updated_at": "2025-07-01T05:50:12.693Z", "is_active": true, "filter_values": [9, 13]}}, {"model": "products.product", "pk": 5, "fields": {"category": 5, "name": "야채 주스 1L", "description": "당근, 토마토 혼합 야채 주스", "price": "3000.00", "discount_price": "2700.00", "image_thumb": "http://example.com/veggie_juice.jpg", "stock": 30, "volume": "1L", "created_at": "2025-07-01T05:50:12.693Z", "updated_at": "2025-07-01T05:50:12.693Z", "is_active": true, "filter_values": [10]}}, {"model": "products.product", "pk": 6, "fields": {"category": 6, "name": "삼다수 2L", "description": "제주 삼다수 생수 2L", "price": "1200.00", "discount_price": null, "image_thumb": "http://example.com/samdasu2l.jpg", "stock": 200, "volume": "2L", "created_at": "2025-07-01T05:50:12.693Z", "updated_at": "2025-07-01T05:50:12.693Z", "is_active": true, "filter_values": [2]}}, {"model": "products.product", "pk": 7, "fields": {"category": 7, "name": "레드불 오리지널 250ml", "description": "에너지드링크 레드불 250ml", "price": "2300.00", "discount_price": "2000.00", "image_thumb": "http://example.com/redbull250.jpg", "stock": 60, "volume": "250ml", "created_at": "2025-07-01T06:50:18.740Z", "updated_at": "2025-07-01T06:50:18.740Z", "is_active": true, "filter_values": [1, 15, 18]}}, {"model": "products.product", "pk": 8, "fields": {"category": 7, "name": "몬스터 에너지 355ml", "description": "몬스터 에너지 355ml", "price": "2700.00", "discount_price": null, "image_thumb": "http://example.com/monster355.jpg", "stock": 70, "volume": "355ml", "created_at": "2025-07-01T06:50:18.740Z", "updated_at": "2025-07-01T06:50:18.740Z", "is_active": true, "filter_values": [1, 16, 19, 12]}}, {"model": "products.product", "pk": 9, "fields": {"category": 9, "name": "파워에이드 500ml", "description": "스포츠음료 파워에이드 500ml", "price": "1800.00", "discount_price": "1600.00", "image_thumb": "http://example.com/powerade500.jpg", "stock": 90, "volume": "500ml", "created_at": "2025-07-01T06:50:18.740Z", "updated_at": "2025-07-01T06:50:18.740Z", "is_active": true, "filter_values": [2, 17, 10]}}, {"model": "products.product", "pk": 10, "fields": {"category": 10, "name": "건강 헛개수 1.5L", "description": "헛개나무 건강음료 1.5L", "price": "3200.00", "discount_price": null, "image_thumb": "http://example.com/heotgae1500.jpg", "stock": 45, "volume": "1.5L", "created_at": "2025-07-01T06:50:18.740Z", "updated_at": "2025-07-01T06:50:18.740Z", "is_active": true, "filter_values": [2, 18, 20]}}, {"model": "products.filtertype", "pk": 1, "fields": {"name": "delivery", "display_name": "배송 유형", "sort_order": 1, "is_active": true, "categories": [1, 2, 3, 4, 5, 6]}}, {"model": "products.filtertype", "pk": 2, "fields": {"name": "brand", "display_name": "브랜드", "sort_order": 2, "is_active": true, "categories": [1, 2, 3, 4, 5, 7, 9]}}, {"model": "products.filtertype", "pk": 3, "fields": {"name": "benefit", "display_name": "혜택", "sort_order": 3, "is_active": true, "categories": [1, 2, 3, 7, 9]}}, {"model": "products.filtertype", "pk": 4, "fields": {"name": "taste", "display_name": "맛", "sort_order": 4, "is_active": true, "categories": [1, 3, 7, 9]}}, {"model": "products.filtertype", "pk": 5, "fields": {"name": "package", "display_name": "포장형태", "sort_order": 5, "is_active": true, "categories": [1, 7, 9]}}, {"model": "products.filtervalue", "pk": 1, "fields": {"type": 1, "name": "로켓배송", "sort_order": 1, "is_active": true}}, {"model": "products.filtervalue", "pk": 2, "fields": {"type": 1, "name": "무료배송", "sort_order": 2, "is_active": true}}, {"model": "products.filtervalue", "pk": 3, "fields": {"type": 2, "name": "코카콜라", "sort_order": 1, "is_active": true}}, {"model": "products.filtervalue", "pk": 4, "fields": {"type": 2, "name": "펩시", "sort_order": 2, "is_active": true}}, {"model": "products.filtervalue", "pk": 5, "fields": {"type": 2, "name": "델몬트", "sort_order": 3, "is_active": true}}, {"model": "products.filtervalue", "pk": 6, "fields": {"type": 3, "name": "신규할인", "sort_order": 1, "is_active": true}}, {"model": "products.filtervalue", "pk": 7, "fields": {"type": 3, "name": "적립금", "sort_order": 2, "is_active": true}}, {"model": "products.filtervalue", "pk": 8, "fields": {"type": 3, "name": "무료사은품", "sort_order": 3, "is_active": true}}, {"model": "products.filtervalue", "pk": 9, "fields": {"type": 4, "name": "달콤", "sort_order": 1, "is_active": true}}, {"model": "products.filtervalue", "pk": 10, "fields": {"type": 4, "name": "상큼", "sort_order": 2, "is_active": true}}, {"model": "products.filtervalue", "pk": 11, "fields": {"type": 4, "name": "신선", "sort_order": 3, "is_active": true}}, {"model": "products.filtervalue", "pk": 12, "fields": {"type": 5, "name": "캔", "sort_order": 1, "is_active": true}}, {"model": "products.filtervalue", "pk": 13, "fields": {"type": 5, "name": "병", "sort_order": 2, "is_active": true}}, {"model": "products.filtervalue", "pk": 14, "fields": {"type": 5, "name": "페트병", "sort_order": 3, "is_active": true}}, {"model": "products.filtervalue", "pk": 15, "fields": {"type": 2, "name": "레드불", "sort_order": 4, "is_active": true}}, {"model": "products.filtervalue", "pk": 16, "fields": {"type": 2, "name": "몬스터", "sort_order": 5, "is_active": true}}, {"model": "products.filtervalue", "pk": 17, "fields": {"type": 2, "name": "파워에이드", "sort_order": 6, "is_active": true}}, {"model": "products.filtervalue", "pk": 18, "fields": {"type": 3, "name": "친환경", "sort_order": 4, "is_active": true}}, {"model": "products.filtervalue", "pk": 19, "fields": {"type": 4, "name": "에너지", "sort_order": 4, "is_active": true}}, {"model": "products.filtervalue", "pk": 20, "fields": {"type": 5, "name": "종이팩", "sort_order": 4, "is_active": true}}, {"model": "token_blacklist.outstandingtoken", "pk": 1, "fields": {"user": 1, "jti": "7b2dfd1a2e7b42959c67586d0c97df8e", "token": "eyJhbGciOiJIUzI1NiIsInR5cCI6IkpXVCJ9.eyJ0b2tlbl90eXBlIjoicmVmcmVzaCIsImV4cCI6MTc1MTg3NTcxNiwiaWF0IjoxNzUxMjcwOTE2LCJqdGkiOiI3YjJkZmQxYTJlN2I0Mjk1OWM2NzU4NmQwYzk3ZGY4ZSIsInVzZXJfaWQiOjF9.sbNQ8l_MRRkHrB3p2BM8U2m9zaZUp6EfMSZteYqwLo4", "created_at": "2025-06-30T08:08:36.247Z", "expires_at": "2025-07-07T08:08:36Z"}}, {"model": "token_blacklist.outstandingtoken", "pk": 2, "fields": {"user": 1, "jti": "b46a4167feb347e491e60f7a49d18f90", "token": "eyJhbGciOiJIUzI1NiIsInR5cCI6IkpXVCJ9.eyJ0b2tlbl90eXBlIjoicmVmcmVzaCIsImV4cCI6MTc1MTg3Nzg5MiwiaWF0IjoxNzUxMjczMDkyLCJqdGkiOiJiNDZhNDE2N2ZlYjM0N2U0OTFlNjBmN2E0OWQxOGY5MCIsInVzZXJfaWQiOjF9.Z6fkuTd-W9XrcBQpGxrQogWr2kiEhRACoiQ2HNz5Yfc", "created_at": "2025-06-30T08:44:52.033Z", "expires_at": "2025-07-07T08:44:52Z"}}, {"model": "token_blacklist.outstandingtoken", "pk": 3, "fields": {"user": 1, "jti": "7c1a99342c5e48de90981cc29d2f06a7", "token": "eyJhbGciOiJIUzI1NiIsInR5cCI6IkpXVCJ9.eyJ0b2tlbl90eXBlIjoicmVmcmVzaCIsImV4cCI6MTc1MTg3ODE2MiwiaWF0IjoxNzUxMjczMzYyLCJqdGkiOiI3YzFhOTkzNDJjNWU0OGRlOTA5ODFjYzI5ZDJmMDZhNyIsInVzZXJfaWQiOjF9.EWsPV-MXxRkggxdsK0zlwqaBTRHbNkqR7h1SLfOOV3U", "created_at": "2025-06-30T08:49:22.025Z", "expires_at": "2025-07-07T08:49:22Z"}}, {"model": "token_blacklist.outstandingtoken", "pk": 4, "fields": {"user": 1, "jti": "be0f9d74d56544d3aaf6bb92364df265", "token": "eyJhbGciOiJIUzI1NiIsInR5cCI6IkpXVCJ9.eyJ0b2tlbl90eXBlIjoicmVmcmVzaCIsImV4cCI6MTc1MTkzODM3NiwiaWF0IjoxNzUxMzMzNTc2LCJqdGkiOiJiZTBmOWQ3NGQ1NjU0NGQzYWFmNmJiOTIzNjRkZjI2NSIsInVzZXJfaWQiOjF9.lx8ZZDJheKYnlWxy3X9mUPY4-Q5MD3KlNimTQ3qacl4", "created_at": "2025-07-01T01:32:56.854Z", "expires_at": "2025-07-08T01:32:56Z"}}, {"model": "token_blacklist.blacklistedtoken", "pk": 1, "fields": {"token": 2, "blacklisted_at": "2025-06-30T08:48:19.154Z"}}, {"model": "auth.permission", "pk": 1, "fields": {"name": "Can add resource", "content_type": 1, "codename": "add_resource"}}, {"model": "auth.permission", "pk": 2, "fields": {"name": "Can change resource", "content_type": 1, "codename": "change_resource"}}, {"model": "auth.permission", "pk": 3, "fields": {"name": "Can delete resource", "content_type": 1, "codename": "delete_resource"}}, {"model": "auth.permission", "pk": 4, "fields": {"name": "Can view resource", "content_type": 1, "codename": "view_resource"}}, {"model": "auth.permission", "pk": 5, "fields": {"name": "Can add main menu", "content_type": 2, "codename": "add_mainmenu"}}, {"model": "auth.permission", "pk": 6, "fields": {"name": "Can change main menu", "content_type": 2, "codename": "change_mainmenu"}}, {"model": "auth.permission", "pk": 7, "fields": {"name": "Can delete main menu", "content_type": 2, "codename": "delete_mainmenu"}}, {"model": "auth.permission", "pk": 8, "fields": {"name": "Can view main menu", "content_type": 2, "codename": "view_mainmenu"}}, {"model": "auth.permission", "pk": 9, "fields": {"name": "Can add main menu sub", "content_type": 3, "codename": "add_mainmenusub"}}, {"model": "auth.permission", "pk": 10, "fields": {"name": "Can change main menu sub", "content_type": 3, "codename": "change_mainmenusub"}}, {"model": "auth.permission", "pk": 11, "fields": {"name": "Can delete main menu sub", "content_type": 3, "codename": "delete_mainmenusub"}}, {"model": "auth.permission", "pk": 12, "fields": {"name": "Can view main menu sub", "content_type": 3, "codename": "view_mainmenusub"}}, {"model": "auth.permission", "pk": 13, "fields": {"name": "Can add main menu leaf", "content_type": 4, "codename": "add_mainmenuleaf"}}, {"model": "auth.permission", "pk": 14, "fields": {"name": "Can change main menu leaf", "content_type": 4, "codename": "change_mainmenuleaf"}}, {"model": "auth.permission", "pk": 15, "fields": {"name": "Can delete main menu leaf", "content_type": 4, "codename": "delete_mainmenuleaf"}}, {"model": "auth.permission", "pk": 16, "fields": {"name": "Can view main menu leaf", "content_type": 4, "codename": "view_mainmenuleaf"}}, {"model": "auth.permission", "pk": 17, "fields": {"name": "Can add products", "content_type": 5, "codename": "add_products"}}, {"model": "auth.permission", "pk": 18, "fields": {"name": "Can change products", "content_type": 5, "codename": "change_products"}}, {"model": "auth.permission", "pk": 19, "fields": {"name": "Can delete products", "content_type": 5, "codename": "delete_products"}}, {"model": "auth.permission", "pk": 20, "fields": {"name": "Can view products", "content_type": 5, "codename": "view_products"}}, {"model": "auth.permission", "pk": 21, "fields": {"name": "Can add outstanding token", "content_type": 6, "codename": "add_outstandingtoken"}}, {"model": "auth.permission", "pk": 22, "fields": {"name": "Can change outstanding token", "content_type": 6, "codename": "change_outstandingtoken"}}, {"model": "auth.permission", "pk": 23, "fields": {"name": "Can delete outstanding token", "content_type": 6, "codename": "delete_outstandingtoken"}}, {"model": "auth.permission", "pk": 24, "fields": {"name": "Can view outstanding token", "content_type": 6, "codename": "view_outstandingtoken"}}, {"model": "auth.permission", "pk": 25, "fields": {"name": "Can add blacklisted token", "content_type": 7, "codename": "add_blacklistedtoken"}}, {"model": "auth.permission", "pk": 26, "fields": {"name": "Can change blacklisted token", "content_type": 7, "codename": "change_blacklistedtoken"}}, {"model": "auth.permission", "pk": 27, "fields": {"name": "Can delete blacklisted token", "content_type": 7, "codename": "delete_blacklistedtoken"}}, {"model": "auth.permission", "pk": 28, "fields": {"name": "Can view blacklisted token", "content_type": 7, "codename": "view_blacklistedtoken"}}, {"model": "auth.permission", "pk": 29, "fields": {"name": "Can add log entry", "content_type": 8, "codename": "add_logentry"}}, {"model": "auth.permission", "pk": 30, "fields": {"name": "Can change log entry", "content_type": 8, "codename": "change_logentry"}}, {"model": "auth.permission", "pk": 31, "fields": {"name": "Can delete log entry", "content_type": 8, "codename": "delete_logentry"}}, {"model": "auth.permission", "pk": 32, "fields": {"name": "Can view log entry", "content_type": 8, "codename": "view_logentry"}}, {"model": "auth.permission", "pk": 33, "fields": {"name": "Can add permission", "content_type": 9, "codename": "add_permission"}}, {"model": "auth.permission", "pk": 34, "fields": {"name": "Can change permission", "content_type": 9, "codename": "change_permission"}}, {"model": "auth.permission", "pk": 35, "fields": {"name": "Can delete permission", "content_type": 9, "codename": "delete_permission"}}, {"model": "auth.permission", "pk": 36, "fields": {"name": "Can view permission", "content_type": 9, "codename": "view_permission"}}, {"model": "auth.permission", "pk": 37, "fields": {"name": "Can add group", "content_type": 10, "codename": "add_group"}}, {"model": "auth.permission", "pk": 38, "fields": {"name": "Can change group", "content_type": 10, "codename": "change_group"}}, {"model": "auth.permission", "pk": 39, "fields": {"name": "Can delete group", "content_type": 10, "codename": "delete_group"}}, {"model": "auth.permission", "pk": 40, "fields": {"name": "Can view group", "content_type": 10, "codename": "view_group"}}, {"model": "auth.permission", "pk": 41, "fields": {"name": "Can add user", "content_type": 11, "codename": "add_user"}}, {"model": "auth.permission", "pk": 42, "fields": {"name": "Can change user", "content_type": 11, "codename": "change_user"}}, {"model": "auth.permission", "pk": 43, "fields": {"name": "Can delete user", "content_type": 11, "codename": "delete_user"}}, {"model": "auth.permission", "pk": 44, "fields": {"name": "Can view user", "content_type": 11, "codename": "view_user"}}, {"model": "auth.permission", "pk": 45, "fields": {"name": "Can add content type", "content_type": 12, "codename": "add_contenttype"}}, {"model": "auth.permission", "pk": 46, "fields": {"name": "Can change content type", "content_type": 12, "codename": "change_contenttype"}}, {"model": "auth.permission", "pk": 47, "fields": {"name": "Can delete content type", "content_type": 12, "codename": "delete_contenttype"}}, {"model": "auth.permission", "pk": 48, "fields": {"name": "Can view content type", "content_type": 12, "codename": "view_contenttype"}}, {"model": "auth.permission", "pk": 49, "fields": {"name": "Can add session", "content_type": 13, "codename": "add_session"}}, {"model": "auth.permission", "pk": 50, "fields": {"name": "Can change session", "content_type": 13, "codename": "change_session"}}, {"model": "auth.permission", "pk": 51, "fields": {"name": "Can delete session", "content_type": 13, "codename": "delete_session"}}, {"model": "auth.permission", "pk": 52, "fields": {"name": "Can view session", "content_type": 13, "codename": "view_session"}}, {"model": "auth.permission", "pk": 53, "fields": {"name": "Can add filter value", "content_type": 14, "codename": "add_filtervalue"}}, {"model": "auth.permission", "pk": 54, "fields": {"name": "Can change filter value", "content_type": 14, "codename": "change_filtervalue"}}, {"model": "auth.permission", "pk": 55, "fields": {"name": "Can delete filter value", "content_type": 14, "codename": "delete_filtervalue"}}, {"model": "auth.permission", "pk": 56, "fields": {"name": "Can view filter value", "content_type": 14, "codename": "view_filtervalue"}}, {"model": "auth.permission", "pk": 57, "fields": {"name": "Can add product category", "content_type": 15, "codename": "add_productcategory"}}, {"model": "auth.permission", "pk": 58, "fields": {"name": "Can change product category", "content_type": 15, "codename": "change_productcategory"}}, {"model": "auth.permission", "pk": 59, "fields": {"name": "Can delete product category", "content_type": 15, "codename": "delete_productcategory"}}, {"model": "auth.permission", "pk": 60, "fields": {"name": "Can view product category", "content_type": 15, "codename": "view_productcategory"}}, {"model": "auth.permission", "pk": 61, "fields": {"name": "Can add filter type", "content_type": 16, "codename": "add_filtertype"}}, {"model": "auth.permission", "pk": 62, "fields": {"name": "Can change filter type", "content_type": 16, "codename": "change_filtertype"}}, {"model": "auth.permission", "pk": 63, "fields": {"name": "Can delete filter type", "content_type": 16, "codename": "delete_filtertype"}}, {"model": "auth.permission", "pk": 64, "fields": {"name": "Can view filter type", "content_type": 16, "codename": "view_filtertype"}}, {"model": "auth.permission", "pk": 65, "fields": {"name": "Can add product", "content_type": 17, "codename": "add_product"}}, {"model": "auth.permission", "pk": 66, "fields": {"name": "Can change product", "content_type": 17, "codename": "change_product"}}, {"model": "auth.permission", "pk": 67, "fields": {"name": "Can delete product", "content_type": 17, "codename": "delete_product"}}, {"model": "auth.permission", "pk": 68, "fields": {"name": "Can view product", "content_type": 17, "codename": "view_product"}}, {"model": "auth.user", "pk": 1, "fields": {"password": "pbkdf2_sha256$1000000$dy3NC4BPxeWJnOj6ULjWY4$SL7/HyUbxOBq5u7CsdmxYf94flzPHooIFQkFzQQZq88=", "last_login": "2025-07-01T01:32:56.858Z", "is_superuser": false, "username": "1", "first_name": "", "last_name": "", "email": "1@1.com", "is_staff": false, "is_active": true, "date_joined": "2025-06-30T08:08:31.318Z", "groups": [], "user_permissions": []}}, {"model": "auth.user", "pk": 2, "fields": {"password": "pbkdf2_sha256$1000000$gubA1e8Q6w6fqQmpPMbdql$4gH7oBH0biiS4R9suO5FyW0gL1rCrtH0Jn04ahaM3R8=", "last_login": "2025-07-01T05:39:05.552Z", "is_superuser": true, "username": "admin", "first_name": "", "last_name": "", "email": "eotkd99@gmail.com", "is_staff": true, "is_active": true, "date_joined": "2025-07-01T05:38:42.165Z", "groups": [], "user_permissions": []}}, {"model": "contenttypes.contenttype", "pk": 1, "fields": {"app_label": "main", "model": "resource"}}, {"model": "contenttypes.contenttype", "pk": 2, "fields": {"app_label": "main", "model": "mainmenu"}}, {"model": "contenttypes.contenttype", "pk": 3, "fields": {"app_label": "main", "model": "mainmenusub"}}, {"model": "contenttypes.contenttype", "pk": 4, "fields": {"app_label": "main", "model": "mainmenuleaf"}}, {"model": "contenttypes.contenttype", "pk": 5, "fields": {"app_label": "products", "model": "products"}}, {"model": "contenttypes.contenttype", "pk": 6, "fields": {"app_label": "token_blacklist", "model": "outstandingtoken"}}, {"model": "contenttypes.contenttype", "pk": 7, "fields": {"app_label": "token_blacklist", "model": "blacklistedtoken"}}, {"model": "contenttypes.contenttype", "pk": 8, "fields": {"app_label": "admin", "model": "logentry"}}, {"model": "contenttypes.contenttype", "pk": 9, "fields": {"app_label": "auth", "model": "permission"}}, {"model": "contenttypes.contenttype", "pk": 10, "fields": {"app_label": "auth", "model": "group"}}, {"model": "contenttypes.contenttype", "pk": 11, "fields": {"app_label": "auth", "model": "user"}}, {"model": "contenttypes.contenttype", "pk": 12, "fields": {"app_label": "contenttypes", "model": "contenttype"}}, {"model": "contenttypes.contenttype", "pk": 13, "fields": {"app_label": "sessions", "model": "session"}}, {"model": "contenttypes.contenttype", "pk": 14, "fields": {"app_label": "products", "model": "filtervalue"}}, {"model": "contenttypes.contenttype", "pk": 15, "fields": {"app_label": "products", "model": "productcategory"}}, {"model": "contenttypes.contenttype", "pk": 16, "fields": {"app_label": "products", "model": "filtertype"}}, {"model": "contenttypes.contenttype", "pk": 17, "fields": {"app_label": "products", "model": "product"}}, {"model": "sessions.session", "pk": "mne3t2cq6bvtx6e9lgyyys2jngciqh44", "fields": {"session_data": ".eJxVjEEOwiAQRe_C2pBhwFJcuu8ZmhmYStVAUtqV8e7apAvd_vfef6mRtjWPW5NlnJO6KFSn340pPqTsIN2p3KqOtazLzHpX9EGbHmqS5_Vw_w4ytfytKZjUg8cwRcBABtxk-WxRTASBzqM455CYpi54kGTIcbLB-IjMEHr1_gDQXjeJ:1uWThx:di0vOxBq90QUhSeJ_7zho_KwVm_m8cXrXiwCFHFm98w", "expire_date": "2025-07-15T05:39:05.349Z"}}, {"model": "sessions.session", "pk": "pvtl4j9t5w7psf6e07zk7veclr3ishmm", "fields": {"session_data": ".eJxVjEEOwiAQRe_C2pBhwFJcuu8ZmhmYStVAUtqV8e7apAvd_vfef6mRtjWPW5NlnJO6KFSn340pPqTsIN2p3KqOtazLzHpX9EGbHmqS5_Vw_w4ytfytKZjUg8cwRcBABtxk-WxRTASBzqM455CYpi54kGTIcbLB-IjMEHr1_gDQXjeJ:1uWThx:di0vOxBq90QUhSeJ_7zho_KwVm_m8cXrXiwCFHFm98w", "expire_date": "2025-07-15T05:39:05.554Z"}}]
